,EmployeeID,JobInvolvement,PerformanceRating
0,1,3,3
1,2,2,4
2,3,3,3
3,4,2,3
4,5,3,3
5,6,3,3
6,7,3,4
7,8,3,4
8,9,3,4
9,10,3,3
10,11,2,3
11,12,3,3
12,13,3,3
13,14,2,3
14,15,3,3
15,16,3,3
16,17,2,3
17,18,3,3
18,19,2,3
19,20,3,3
20,21,3,3
21,22,2,4
22,23,3,3
23,24,1,3
24,25,3,3
25,26,3,3
26,27,3,4
27,28,3,3
28,29,2,3
29,30,2,3
30,31,2,3
31,32,2,3
32,33,3,3
33,34,3,3
34,35,3,3
35,36,3,3
36,37,3,3
37,38,3,3
38,39,2,3
39,40,2,3
40,41,2,3
41,42,2,3
42,43,3,3
43,44,3,3
44,45,2,4
45,46,3,3
46,47,3,4
47,48,3,4
48,49,3,4
49,50,2,3
50,51,2,3
51,52,2,3
52,53,3,4
53,54,3,3
54,55,3,3
55,56,3,3
56,57,3,4
57,58,3,3
58,59,3,4
59,60,3,3
60,61,3,4
61,62,4,3
62,63,4,3
63,64,4,3
64,65,3,3
65,66,2,3
66,67,3,3
67,68,2,3
68,69,3,3
69,70,3,3
70,71,3,3
71,72,4,4
72,73,3,3
73,74,3,3
74,75,3,3
75,76,3,4
76,77,3,3
77,78,3,3
78,79,3,3
79,80,3,4
80,81,2,3
81,82,2,3
82,83,3,3
83,84,3,3
84,85,3,3
85,86,3,3
86,87,4,3
87,88,2,4
88,89,3,3
89,90,4,3
90,91,1,4
91,92,2,4
92,93,2,3
93,94,3,3
94,95,2,3
95,96,3,3
96,97,3,4
97,98,3,3
98,99,3,3
99,100,2,3
100,101,1,4
101,102,3,3
102,103,1,3
103,104,3,3
104,105,1,3
105,106,1,4
106,107,4,3
107,108,3,3
108,109,4,3
109,110,3,3
110,111,2,4
111,112,3,4
112,113,3,3
113,114,4,3
114,115,3,3
115,116,3,3
116,117,2,3
117,118,3,3
118,119,3,4
119,120,3,3
120,121,3,4
121,122,3,3
122,123,3,3
123,124,3,3
124,125,3,3
125,126,2,3
126,127,3,3
127,128,2,3
128,129,3,3
129,130,2,3
130,131,2,3
131,132,2,3
132,133,3,3
133,134,2,3
134,135,2,4
135,136,3,4
136,137,2,3
137,138,2,3
138,139,3,3
139,140,4,3
140,141,2,4
141,142,3,3
142,143,1,4
143,144,3,3
144,145,3,3
145,146,2,3
146,147,2,3
147,148,3,3
148,149,2,4
149,150,3,3
150,151,3,3
151,152,2,3
152,153,3,4
153,154,3,3
154,155,2,3
155,156,3,3
156,157,2,3
157,158,3,4
158,159,3,3
159,160,2,3
160,161,4,4
161,162,2,3
162,163,3,3
163,164,2,3
164,165,3,3
165,166,3,3
166,167,3,3
167,168,3,3
168,169,3,4
169,170,3,4
170,171,2,3
171,172,2,4
172,173,3,3
173,174,3,3
174,175,4,3
175,176,2,3
176,177,3,3
177,178,2,4
178,179,3,4
179,180,3,3
180,181,1,4
181,182,2,3
182,183,4,4
183,184,2,3
184,185,3,3
185,186,3,3
186,187,3,3
187,188,3,3
188,189,2,3
189,190,2,3
190,191,3,3
191,192,3,3
192,193,2,3
193,194,3,3
194,195,3,4
195,196,3,3
196,197,2,3
197,198,3,3
198,199,3,3
199,200,4,3
200,201,2,3
201,202,2,3
202,203,2,3
203,204,2,3
204,205,2,3
205,206,1,4
206,207,3,3
207,208,3,3
208,209,3,3
209,210,3,3
210,211,3,3
211,212,2,4
212,213,2,3
213,214,3,3
214,215,3,3
215,216,1,3
216,217,2,3
217,218,3,3
218,219,1,3
219,220,3,3
220,221,2,3
221,222,3,4
222,223,3,3
223,224,3,3
224,225,2,3
225,226,3,3
226,227,3,3
227,228,3,3
228,229,3,3
229,230,1,3
230,231,3,3
231,232,3,3
232,233,4,3
233,234,3,3
234,235,4,3
235,236,4,4
236,237,2,4
237,238,3,3
238,239,1,3
239,240,3,3
240,241,2,3
241,242,3,3
242,243,3,3
243,244,3,3
244,245,2,3
245,246,3,3
246,247,3,3
247,248,4,3
248,249,2,3
249,250,3,3
250,251,3,3
251,252,3,4
252,253,2,3
253,254,2,3
254,255,1,3
255,256,2,3
256,257,3,3
257,258,4,3
258,259,3,3
259,260,3,3
260,261,2,4
261,262,2,3
262,263,4,3
263,264,3,3
264,265,4,3
265,266,4,3
266,267,3,4
267,268,1,3
268,269,3,3
269,270,1,3
270,271,2,3
271,272,2,3
272,273,2,4
273,274,3,3
274,275,3,3
275,276,3,3
276,277,3,3
277,278,3,4
278,279,4,4
279,280,2,3
280,281,3,3
281,282,4,4
282,283,2,3
283,284,3,3
284,285,3,3
285,286,2,3
286,287,2,4
287,288,3,3
288,289,3,3
289,290,3,4
290,291,3,3
291,292,4,3
292,293,3,3
293,294,2,3
294,295,3,3
295,296,3,3
296,297,3,3
297,298,2,3
298,299,3,3
299,300,3,3
300,301,1,3
301,302,3,3
302,303,2,3
303,304,3,3
304,305,3,3
305,306,3,3
306,307,3,3
307,308,1,3
308,309,3,3
309,310,3,3
310,311,3,3
311,312,1,3
312,313,3,3
313,314,3,3
314,315,3,3
315,316,3,3
316,317,3,3
317,318,3,3
318,319,3,3
319,320,3,3
320,321,3,3
321,322,3,3
322,323,2,3
323,324,3,3
324,325,4,3
325,326,3,4
326,327,4,3
327,328,2,3
328,329,3,3
329,330,2,3
330,331,1,3
331,332,4,3
332,333,3,3
333,334,2,3
334,335,4,3
335,336,3,4
336,337,2,3
337,338,3,3
338,339,4,3
339,340,3,3
340,341,2,3
341,342,3,3
342,343,2,3
343,344,3,3
344,345,3,3
345,346,3,3
346,347,3,3
347,348,3,3
348,349,3,3
349,350,4,3
350,351,4,3
351,352,2,3
352,353,2,4
353,354,3,3
354,355,2,3
355,356,3,3
356,357,3,4
357,358,3,3
358,359,3,3
359,360,3,3
360,361,4,3
361,362,2,3
362,363,2,4
363,364,3,3
364,365,3,4
365,366,3,3
366,367,4,3
367,368,3,3
368,369,1,3
369,370,3,3
370,371,3,3
371,372,3,3
372,373,2,3
373,374,3,3
374,375,2,3
375,376,2,4
376,377,3,3
377,378,2,3
378,379,4,3
379,380,3,3
380,381,3,3
381,382,3,3
382,383,3,4
383,384,2,3
384,385,4,3
385,386,3,4
386,387,3,3
387,388,3,3
388,389,2,3
389,390,4,3
390,391,1,3
391,392,4,4
392,393,3,3
393,394,3,3
394,395,3,3
395,396,3,4
396,397,2,3
397,398,3,3
398,399,2,3
399,400,4,3
400,401,3,3
401,402,3,3
402,403,3,3
403,404,3,3
404,405,1,3
405,406,3,3
406,407,3,3
407,408,3,4
408,409,3,3
409,410,4,3
410,411,3,4
411,412,3,3
412,413,3,3
413,414,3,3
414,415,2,3
415,416,3,3
416,417,3,4
417,418,3,3
418,419,3,4
419,420,2,3
420,421,3,3
421,422,3,3
422,423,2,3
423,424,3,3
424,425,2,3
425,426,2,3
426,427,3,3
427,428,2,3
428,429,3,3
429,430,1,3
430,431,3,3
431,432,3,3
432,433,3,3
433,434,2,3
434,435,3,4
435,436,3,3
436,437,3,3
437,438,2,3
438,439,3,3
439,440,3,3
440,441,2,3
441,442,3,3
442,443,1,3
443,444,3,3
444,445,2,3
445,446,3,4
446,447,1,3
447,448,2,3
448,449,3,3
449,450,3,3
450,451,3,3
451,452,3,4
452,453,3,3
453,454,2,3
454,455,3,3
455,456,3,3
456,457,2,4
457,458,2,3
458,459,3,3
459,460,3,3
460,461,4,3
461,462,3,3
462,463,2,3
463,464,3,3
464,465,2,3
465,466,3,3
466,467,3,3
467,468,2,3
468,469,3,3
469,470,3,3
470,471,3,3
471,472,3,3
472,473,2,3
473,474,3,3
474,475,3,3
475,476,3,4
476,477,3,4
477,478,3,3
478,479,3,3
479,480,3,3
480,481,4,3
481,482,3,3
482,483,3,3
483,484,4,3
484,485,4,4
485,486,2,3
486,487,4,3
487,488,2,3
488,489,3,3
489,490,4,3
490,491,2,3
491,492,4,3
492,493,3,3
493,494,2,3
494,495,3,3
495,496,4,3
496,497,3,3
497,498,2,3
498,499,1,4
499,500,2,3
500,501,3,3
501,502,3,4
502,503,4,4
503,504,3,3
504,505,3,3
505,506,2,3
506,507,4,3
507,508,1,3
508,509,3,3
509,510,3,4
510,511,3,3
511,512,2,3
512,513,2,3
513,514,3,3
514,515,3,3
515,516,3,3
516,517,2,3
517,518,2,4
518,519,2,4
519,520,3,3
520,521,3,3
521,522,3,4
522,523,2,3
523,524,1,3
524,525,3,3
525,526,4,3
526,527,3,3
527,528,3,3
528,529,2,3
529,530,3,3
530,531,4,3
531,532,3,3
532,533,3,3
533,534,2,4
534,535,3,3
535,536,3,3
536,537,3,3
537,538,2,4
538,539,2,3
539,540,4,3
540,541,3,3
541,542,2,3
542,543,3,3
543,544,3,3
544,545,2,3
545,546,3,4
546,547,3,3
547,548,3,3
548,549,3,3
549,550,2,3
550,551,4,3
551,552,3,3
552,553,3,3
553,554,3,4
554,555,3,3
555,556,3,3
556,557,3,3
557,558,2,3
558,559,3,3
559,560,4,3
560,561,3,3
561,562,3,3
562,563,3,3
563,564,2,4
564,565,2,3
565,566,1,3
566,567,4,3
567,568,1,4
568,569,2,3
569,570,3,3
570,571,4,3
571,572,2,3
572,573,3,3
573,574,4,3
574,575,3,3
575,576,3,3
576,577,3,3
577,578,2,3
578,579,1,3
579,580,1,3
580,581,1,3
581,582,2,4
582,583,3,4
583,584,3,3
584,585,1,3
585,586,3,4
586,587,3,3
587,588,3,4
588,589,3,3
589,590,3,3
590,591,3,3
591,592,3,3
592,593,2,3
593,594,1,3
594,595,3,4
595,596,3,3
596,597,3,3
597,598,1,3
598,599,3,3
599,600,1,3
600,601,2,3
601,602,3,3
602,603,2,4
603,604,3,3
604,605,3,3
605,606,1,3
606,607,4,3
607,608,2,3
608,609,4,3
609,610,3,4
610,611,3,3
611,612,3,4
612,613,2,4
613,614,3,3
614,615,2,3
615,616,4,3
616,617,3,3
617,618,1,3
618,619,2,3
619,620,3,4
620,621,2,3
621,622,3,3
622,623,3,3
623,624,3,3
624,625,2,3
625,626,3,3
626,627,1,3
627,628,3,4
628,629,2,3
629,630,3,3
630,631,2,4
631,632,3,4
632,633,2,3
633,634,3,4
634,635,3,3
635,636,3,4
636,637,3,3
637,638,3,3
638,639,4,3
639,640,3,3
640,641,3,3
641,642,2,3
642,643,3,3
643,644,4,3
644,645,3,3
645,646,3,3
646,647,3,3
647,648,3,3
648,649,3,3
649,650,3,3
650,651,4,3
651,652,3,4
652,653,3,3
653,654,3,3
654,655,3,3
655,656,3,3
656,657,4,4
657,658,3,3
658,659,1,3
659,660,2,3
660,661,3,3
661,662,3,4
662,663,3,3
663,664,3,3
664,665,1,3
665,666,3,3
666,667,3,3
667,668,3,3
668,669,4,3
669,670,2,4
670,671,3,3
671,672,3,3
672,673,3,3
673,674,3,3
674,675,3,3
675,676,3,3
676,677,3,4
677,678,3,3
678,679,3,3
679,680,3,3
680,681,1,3
681,682,3,3
682,683,2,4
683,684,4,3
684,685,2,3
685,686,2,3
686,687,2,3
687,688,2,4
688,689,2,3
689,690,3,3
690,691,2,3
691,692,3,3
692,693,2,3
693,694,3,3
694,695,3,3
695,696,3,3
696,697,2,3
697,698,3,3
698,699,3,3
699,700,3,3
700,701,3,4
701,702,2,3
702,703,2,3
703,704,2,3
704,705,3,3
705,706,2,3
706,707,4,3
707,708,3,3
708,709,4,3
709,710,1,4
710,711,3,3
711,712,2,4
712,713,3,3
713,714,3,3
714,715,3,4
715,716,2,3
716,717,4,3
717,718,4,3
718,719,3,3
719,720,3,3
720,721,2,3
721,722,4,3
722,723,1,3
723,724,3,3
724,725,2,3
725,726,3,4
726,727,3,3
727,728,2,3
728,729,3,3
729,730,2,3
730,731,3,3
731,732,4,3
732,733,3,3
733,734,3,3
734,735,3,3
735,736,2,3
736,737,3,3
737,738,3,3
738,739,3,3
739,740,4,3
740,741,3,4
741,742,3,3
742,743,3,3
743,744,3,3
744,745,3,3
745,746,1,3
746,747,2,4
747,748,2,3
748,749,3,3
749,750,3,3
750,751,2,3
751,752,3,3
752,753,3,3
753,754,3,3
754,755,3,3
755,756,3,3
756,757,3,3
757,758,4,3
758,759,1,3
759,760,3,3
760,761,2,3
761,762,3,3
762,763,3,3
763,764,2,3
764,765,3,4
765,766,3,3
766,767,3,3
767,768,3,3
768,769,3,3
769,770,3,3
770,771,3,3
771,772,2,3
772,773,3,3
773,774,3,3
774,775,2,3
775,776,3,3
776,777,3,3
777,778,3,3
778,779,3,4
779,780,3,3
780,781,3,3
781,782,3,3
782,783,2,3
783,784,3,3
784,785,2,3
785,786,3,4
786,787,1,3
787,788,3,3
788,789,4,3
789,790,3,3
790,791,3,3
791,792,3,4
792,793,3,4
793,794,3,3
794,795,3,3
795,796,2,3
796,797,3,3
797,798,3,4
798,799,3,4
799,800,3,3
800,801,3,3
801,802,2,3
802,803,2,3
803,804,1,3
804,805,2,4
805,806,3,3
806,807,3,3
807,808,3,3
808,809,3,4
809,810,2,3
810,811,3,3
811,812,2,3
812,813,3,3
813,814,3,3
814,815,1,3
815,816,2,3
816,817,2,3
817,818,2,4
818,819,2,3
819,820,3,3
820,821,2,3
821,822,4,3
822,823,2,3
823,824,4,3
824,825,2,3
825,826,4,3
826,827,3,3
827,828,2,3
828,829,2,3
829,830,3,3
830,831,3,3
831,832,3,3
832,833,4,3
833,834,3,3
834,835,2,4
835,836,3,3
836,837,4,3
837,838,2,3
838,839,3,3
839,840,3,3
840,841,2,3
841,842,4,4
842,843,4,3
843,844,4,4
844,845,2,3
845,846,3,3
846,847,4,3
847,848,2,4
848,849,3,3
849,850,3,3
850,851,3,3
851,852,3,3
852,853,1,3
853,854,3,4
854,855,2,3
855,856,3,3
856,857,3,3
857,858,3,3
858,859,2,3
859,860,3,3
860,861,3,3
861,862,4,4
862,863,2,3
863,864,3,3
864,865,2,3
865,866,4,3
866,867,3,3
867,868,3,4
868,869,1,3
869,870,3,3
870,871,3,3
871,872,3,3
872,873,3,3
873,874,3,3
874,875,3,3
875,876,4,4
876,877,2,3
877,878,3,3
878,879,3,3
879,880,2,3
880,881,2,4
881,882,3,3
882,883,3,4
883,884,3,3
884,885,3,3
885,886,2,3
886,887,3,4
887,888,3,3
888,889,2,3
889,890,3,3
890,891,3,3
891,892,3,3
892,893,2,4
893,894,3,3
894,895,3,3
895,896,2,3
896,897,2,3
897,898,3,3
898,899,3,3
899,900,3,3
900,901,4,3
901,902,3,3
902,903,2,3
903,904,3,3
904,905,3,3
905,906,3,3
906,907,2,3
907,908,2,3
908,909,3,3
909,910,1,3
910,911,3,4
911,912,1,3
912,913,3,4
913,914,3,3
914,915,2,3
915,916,2,4
916,917,2,3
917,918,3,3
918,919,2,4
919,920,2,3
920,921,3,3
921,922,3,3
922,923,3,3
923,924,3,3
924,925,3,3
925,926,3,3
926,927,3,3
927,928,3,3
928,929,2,3
929,930,3,3
930,931,2,3
931,932,2,3
932,933,3,3
933,934,2,3
934,935,2,3
935,936,3,3
936,937,2,4
937,938,1,3
938,939,4,3
939,940,3,3
940,941,2,3
941,942,3,3
942,943,2,3
943,944,3,3
944,945,3,3
945,946,3,3
946,947,1,3
947,948,3,3
948,949,3,4
949,950,3,3
950,951,1,3
951,952,2,3
952,953,3,3
953,954,3,3
954,955,3,3
955,956,3,3
956,957,4,3
957,958,3,3
958,959,1,3
959,960,3,3
960,961,3,3
961,962,3,3
962,963,1,3
963,964,2,3
964,965,2,3
965,966,3,3
966,967,3,3
967,968,3,4
968,969,3,3
969,970,3,3
970,971,1,3
971,972,3,3
972,973,2,3
973,974,2,3
974,975,3,4
975,976,3,3
976,977,3,3
977,978,3,4
978,979,3,4
979,980,3,3
980,981,3,3
981,982,3,3
982,983,2,3
983,984,2,3
984,985,2,3
985,986,3,3
986,987,3,3
987,988,3,3
988,989,3,3
989,990,4,3
990,991,2,3
991,992,3,3
992,993,3,4
993,994,3,3
994,995,2,3
995,996,3,3
996,997,3,3
997,998,1,3
998,999,3,3
999,1000,3,3
1000,1001,3,3
1001,1002,3,3
1002,1003,3,3
1003,1004,2,3
1004,1005,3,3
1005,1006,3,3
1006,1007,3,4
1007,1008,3,3
1008,1009,3,3
1009,1010,2,4
1010,1011,4,3
1011,1012,3,3
1012,1013,3,3
1013,1014,4,3
1014,1015,2,3
1015,1016,3,3
1016,1017,2,3
1017,1018,3,3
1018,1019,2,3
1019,1020,4,3
1020,1021,2,3
1021,1022,4,3
1022,1023,3,3
1023,1024,3,4
1024,1025,3,3
1025,1026,3,3
1026,1027,2,3
1027,1028,3,3
1028,1029,3,3
1029,1030,3,3
1030,1031,3,3
1031,1032,3,3
1032,1033,4,4
1033,1034,3,3
1034,1035,2,3
1035,1036,3,3
1036,1037,1,3
1037,1038,2,3
1038,1039,3,3
1039,1040,2,3
1040,1041,3,3
1041,1042,3,3
1042,1043,2,3
1043,1044,3,3
1044,1045,2,3
1045,1046,3,3
1046,1047,3,3
1047,1048,2,3
1048,1049,3,3
1049,1050,3,3
1050,1051,1,3
1051,1052,2,3
1052,1053,3,3
1053,1054,3,4
1054,1055,3,3
1055,1056,2,3
1056,1057,2,3
1057,1058,3,3
1058,1059,3,4
1059,1060,3,3
1060,1061,3,3
1061,1062,3,3
1062,1063,3,3
1063,1064,2,3
1064,1065,3,4
1065,1066,2,3
1066,1067,3,3
1067,1068,3,3
1068,1069,3,3
1069,1070,3,3
1070,1071,4,3
1071,1072,3,4
1072,1073,2,3
1073,1074,2,3
1074,1075,2,3
1075,1076,4,4
1076,1077,3,4
1077,1078,3,3
1078,1079,3,3
1079,1080,4,3
1080,1081,3,3
1081,1082,3,3
1082,1083,2,3
1083,1084,3,3
1084,1085,3,3
1085,1086,2,3
1086,1087,4,3
1087,1088,2,4
1088,1089,2,3
1089,1090,1,3
1090,1091,3,3
1091,1092,2,3
1092,1093,2,4
1093,1094,4,3
1094,1095,3,3
1095,1096,3,3
1096,1097,3,4
1097,1098,3,3
1098,1099,3,3
1099,1100,3,3
1100,1101,2,4
1101,1102,3,3
1102,1103,4,4
1103,1104,4,3
1104,1105,3,3
1105,1106,3,3
1106,1107,3,3
1107,1108,3,3
1108,1109,3,3
1109,1110,3,3
1110,1111,3,3
1111,1112,3,3
1112,1113,3,3
1113,1114,3,3
1114,1115,3,3
1115,1116,3,3
1116,1117,3,4
1117,1118,3,3
1118,1119,3,4
1119,1120,2,3
1120,1121,3,3
1121,1122,3,3
1122,1123,3,3
1123,1124,3,3
1124,1125,4,3
1125,1126,1,3
1126,1127,3,3
1127,1128,2,3
1128,1129,4,3
1129,1130,4,4
1130,1131,4,3
1131,1132,3,3
1132,1133,2,3
1133,1134,2,3
1134,1135,1,3
1135,1136,3,3
1136,1137,2,3
1137,1138,3,3
1138,1139,3,3
1139,1140,3,3
1140,1141,3,3
1141,1142,3,3
1142,1143,2,3
1143,1144,2,3
1144,1145,3,3
1145,1146,2,3
1146,1147,3,3
1147,1148,3,3
1148,1149,4,3
1149,1150,1,3
1150,1151,3,3
1151,1152,2,4
1152,1153,2,3
1153,1154,3,3
1154,1155,2,3
1155,1156,3,3
1156,1157,2,3
1157,1158,3,3
1158,1159,3,3
1159,1160,3,3
1160,1161,3,3
1161,1162,1,3
1162,1163,1,3
1163,1164,2,3
1164,1165,2,3
1165,1166,3,3
1166,1167,3,4
1167,1168,2,3
1168,1169,3,3
1169,1170,2,3
1170,1171,3,3
1171,1172,3,3
1172,1173,2,3
1173,1174,3,3
1174,1175,3,3
1175,1176,3,4
1176,1177,3,3
1177,1178,3,3
1178,1179,3,3
1179,1180,4,3
1180,1181,3,3
1181,1182,3,3
1182,1183,2,3
1183,1184,2,4
1184,1185,3,4
1185,1186,2,4
1186,1187,3,4
1187,1188,4,3
1188,1189,3,3
1189,1190,3,3
1190,1191,3,3
1191,1192,3,3
1192,1193,3,3
1193,1194,2,4
1194,1195,2,3
1195,1196,2,3
1196,1197,4,3
1197,1198,3,3
1198,1199,2,4
1199,1200,3,3
1200,1201,3,3
1201,1202,2,3
1202,1203,3,3
1203,1204,3,3
1204,1205,4,3
1205,1206,3,3
1206,1207,3,4
1207,1208,3,3
1208,1209,3,3
1209,1210,3,4
1210,1211,2,3
1211,1212,3,3
1212,1213,3,3
1213,1214,3,4
1214,1215,3,3
1215,1216,3,3
1216,1217,2,3
1217,1218,2,3
1218,1219,3,3
1219,1220,3,3
1220,1221,3,3
1221,1222,3,4
1222,1223,3,3
1223,1224,2,3
1224,1225,3,3
1225,1226,2,3
1226,1227,3,3
1227,1228,4,3
1228,1229,3,3
1229,1230,4,3
1230,1231,3,3
1231,1232,3,3
1232,1233,2,3
1233,1234,3,3
1234,1235,3,3
1235,1236,3,3
1236,1237,1,3
1237,1238,3,3
1238,1239,3,3
1239,1240,2,4
1240,1241,3,3
1241,1242,1,3
1242,1243,3,3
1243,1244,3,4
1244,1245,3,3
1245,1246,3,3
1246,1247,2,3
1247,1248,2,3
1248,1249,2,3
1249,1250,3,3
1250,1251,2,3
1251,1252,2,3
1252,1253,3,3
1253,1254,2,3
1254,1255,3,3
1255,1256,3,4
1256,1257,1,3
1257,1258,3,3
1258,1259,2,3
1259,1260,2,3
1260,1261,3,3
1261,1262,3,3
1262,1263,1,3
1263,1264,3,4
1264,1265,3,3
1265,1266,3,3
1266,1267,3,4
1267,1268,3,3
1268,1269,3,4
1269,1270,2,3
1270,1271,3,3
1271,1272,3,3
1272,1273,3,3
1273,1274,3,3
1274,1275,3,3
1275,1276,3,3
1276,1277,3,3
1277,1278,3,3
1278,1279,3,3
1279,1280,3,3
1280,1281,3,3
1281,1282,4,3
1282,1283,2,3
1283,1284,3,3
1284,1285,1,4
1285,1286,2,3
1286,1287,3,3
1287,1288,3,3
1288,1289,4,3
1289,1290,1,3
1290,1291,3,3
1291,1292,3,3
1292,1293,3,3
1293,1294,3,3
1294,1295,3,3
1295,1296,4,3
1296,1297,3,3
1297,1298,3,3
1298,1299,3,4
1299,1300,2,3
1300,1301,4,4
1301,1302,3,4
1302,1303,2,3
1303,1304,3,3
1304,1305,3,3
1305,1306,3,3
1306,1307,2,3
1307,1308,2,4
1308,1309,3,4
1309,1310,2,3
1310,1311,4,3
1311,1312,2,3
1312,1313,3,3
1313,1314,2,3
1314,1315,3,4
1315,1316,2,4
1316,1317,3,4
1317,1318,3,3
1318,1319,2,3
1319,1320,2,3
1320,1321,3,4
1321,1322,3,3
1322,1323,3,3
1323,1324,3,3
1324,1325,3,3
1325,1326,3,3
1326,1327,3,3
1327,1328,3,3
1328,1329,3,4
1329,1330,3,3
1330,1331,3,3
1331,1332,3,3
1332,1333,3,4
1333,1334,3,4
1334,1335,1,3
1335,1336,3,3
1336,1337,3,4
1337,1338,2,3
1338,1339,2,3
1339,1340,3,4
1340,1341,3,3
1341,1342,2,3
1342,1343,4,3
1343,1344,4,3
1344,1345,2,4
1345,1346,1,3
1346,1347,4,3
1347,1348,4,4
1348,1349,4,3
1349,1350,4,3
1350,1351,2,3
1351,1352,3,3
1352,1353,2,3
1353,1354,3,4
1354,1355,3,3
1355,1356,4,3
1356,1357,3,4
1357,1358,3,3
1358,1359,3,3
1359,1360,2,3
1360,1361,4,3
1361,1362,2,3
1362,1363,3,3
1363,1364,3,3
1364,1365,2,3
1365,1366,3,3
1366,1367,1,3
1367,1368,4,3
1368,1369,3,3
1369,1370,1,3
1370,1371,3,3
1371,1372,3,3
1372,1373,3,4
1373,1374,4,3
1374,1375,2,3
1375,1376,3,3
1376,1377,3,3
1377,1378,4,3
1378,1379,3,3
1379,1380,2,3
1380,1381,2,3
1381,1382,3,3
1382,1383,3,3
1383,1384,3,4
1384,1385,3,4
1385,1386,3,3
1386,1387,3,3
1387,1388,2,3
1388,1389,3,3
1389,1390,3,4
1390,1391,1,3
1391,1392,4,3
1392,1393,4,3
1393,1394,3,3
1394,1395,3,4
1395,1396,2,3
1396,1397,3,3
1397,1398,1,3
1398,1399,3,4
1399,1400,2,3
1400,1401,4,3
1401,1402,3,3
1402,1403,3,3
1403,1404,3,3
1404,1405,4,3
1405,1406,2,4
1406,1407,3,3
1407,1408,1,3
1408,1409,4,3
1409,1410,3,3
1410,1411,3,3
1411,1412,4,3
1412,1413,2,3
1413,1414,3,3
1414,1415,3,4
1415,1416,2,3
1416,1417,3,3
1417,1418,3,3
1418,1419,3,3
1419,1420,3,3
1420,1421,4,4
1421,1422,3,3
1422,1423,4,3
1423,1424,2,3
1424,1425,3,3
1425,1426,3,3
1426,1427,2,3
1427,1428,2,3
1428,1429,2,3
1429,1430,2,3
1430,1431,3,3
1431,1432,2,3
1432,1433,2,4
1433,1434,3,4
1434,1435,3,3
1435,1436,3,3
1436,1437,2,3
1437,1438,3,3
1438,1439,3,3
1439,1440,3,3
1440,1441,2,3
1441,1442,3,4
1442,1443,3,3
1443,1444,3,3
1444,1445,4,3
1445,1446,4,4
1446,1447,2,4
1447,1448,3,4
1448,1449,3,3
1449,1450,2,3
1450,1451,2,3
1451,1452,3,3
1452,1453,4,3
1453,1454,2,3
1454,1455,2,3
1455,1456,2,3
1456,1457,2,3
1457,1458,4,3
1458,1459,3,3
1459,1460,2,3
1460,1461,3,3
1461,1462,2,3
1462,1463,3,3
1463,1464,3,3
1464,1465,2,3
1465,1466,3,3
1466,1467,2,3
1467,1468,3,4
1468,1469,2,3
1469,1470,4,3
1470,1471,3,3
1471,1472,2,4
1472,1473,3,3
1473,1474,2,3
1474,1475,3,3
1475,1476,3,3
1476,1477,3,4
1477,1478,3,4
1478,1479,3,4
1479,1480,3,3
1480,1481,2,3
1481,1482,3,3
1482,1483,3,3
1483,1484,2,3
1484,1485,3,3
1485,1486,3,3
1486,1487,2,3
1487,1488,3,3
1488,1489,2,3
1489,1490,3,3
1490,1491,3,3
1491,1492,2,4
1492,1493,3,3
1493,1494,1,3
1494,1495,3,3
1495,1496,3,3
1496,1497,3,4
1497,1498,3,3
1498,1499,2,3
1499,1500,2,3
1500,1501,2,3
1501,1502,2,3
1502,1503,3,3
1503,1504,3,3
1504,1505,3,3
1505,1506,3,3
1506,1507,3,3
1507,1508,3,3
1508,1509,2,3
1509,1510,2,3
1510,1511,2,3
1511,1512,2,3
1512,1513,3,3
1513,1514,3,3
1514,1515,2,4
1515,1516,3,3
1516,1517,3,4
1517,1518,3,4
1518,1519,3,4
1519,1520,2,3
1520,1521,2,3
1521,1522,2,3
1522,1523,3,4
1523,1524,3,3
1524,1525,3,3
1525,1526,3,3
1526,1527,3,4
1527,1528,3,3
1528,1529,3,4
1529,1530,3,3
1530,1531,3,4
1531,1532,4,3
1532,1533,4,3
1533,1534,4,3
1534,1535,3,3
1535,1536,2,3
1536,1537,3,3
1537,1538,2,3
1538,1539,3,3
1539,1540,3,3
1540,1541,3,3
1541,1542,4,4
1542,1543,3,3
1543,1544,3,3
1544,1545,3,3
1545,1546,3,4
1546,1547,3,3
1547,1548,3,3
1548,1549,3,3
1549,1550,3,4
1550,1551,2,3
1551,1552,2,3
1552,1553,3,3
1553,1554,3,3
1554,1555,3,3
1555,1556,3,3
1556,1557,4,3
1557,1558,2,4
1558,1559,3,3
1559,1560,4,3
1560,1561,1,4
1561,1562,2,4
1562,1563,2,3
1563,1564,3,3
1564,1565,2,3
1565,1566,3,3
1566,1567,3,4
1567,1568,3,3
1568,1569,3,3
1569,1570,2,3
1570,1571,1,4
1571,1572,3,3
1572,1573,1,3
1573,1574,3,3
1574,1575,1,3
1575,1576,1,4
1576,1577,4,3
1577,1578,3,3
1578,1579,4,3
1579,1580,3,3
1580,1581,2,4
1581,1582,3,4
1582,1583,3,3
1583,1584,4,3
1584,1585,3,3
1585,1586,3,3
1586,1587,2,3
1587,1588,3,3
1588,1589,3,4
1589,1590,3,3
1590,1591,3,4
1591,1592,3,3
1592,1593,3,3
1593,1594,3,3
1594,1595,3,3
1595,1596,2,3
1596,1597,3,3
1597,1598,2,3
1598,1599,3,3
1599,1600,2,3
1600,1601,2,3
1601,1602,2,3
1602,1603,3,3
1603,1604,2,3
1604,1605,2,4
1605,1606,3,4
1606,1607,2,3
1607,1608,2,3
1608,1609,3,3
1609,1610,4,3
1610,1611,2,4
1611,1612,3,3
1612,1613,1,4
1613,1614,3,3
1614,1615,3,3
1615,1616,2,3
1616,1617,2,3
1617,1618,3,3
1618,1619,2,4
1619,1620,3,3
1620,1621,3,3
1621,1622,2,3
1622,1623,3,4
1623,1624,3,3
1624,1625,2,3
1625,1626,3,3
1626,1627,2,3
1627,1628,3,4
1628,1629,3,3
1629,1630,2,3
1630,1631,4,4
1631,1632,2,3
1632,1633,3,3
1633,1634,2,3
1634,1635,3,3
1635,1636,3,3
1636,1637,3,3
1637,1638,3,3
1638,1639,3,4
1639,1640,3,4
1640,1641,2,3
1641,1642,2,4
1642,1643,3,3
1643,1644,3,3
1644,1645,4,3
1645,1646,2,3
1646,1647,3,3
1647,1648,2,4
1648,1649,3,4
1649,1650,3,3
1650,1651,1,4
1651,1652,2,3
1652,1653,4,4
1653,1654,2,3
1654,1655,3,3
1655,1656,3,3
1656,1657,3,3
1657,1658,3,3
1658,1659,2,3
1659,1660,2,3
1660,1661,3,3
1661,1662,3,3
1662,1663,2,3
1663,1664,3,3
1664,1665,3,4
1665,1666,3,3
1666,1667,2,3
1667,1668,3,3
1668,1669,3,3
1669,1670,4,3
1670,1671,2,3
1671,1672,2,3
1672,1673,2,3
1673,1674,2,3
1674,1675,2,3
1675,1676,1,4
1676,1677,3,3
1677,1678,3,3
1678,1679,3,3
1679,1680,3,3
1680,1681,3,3
1681,1682,2,4
1682,1683,2,3
1683,1684,3,3
1684,1685,3,3
1685,1686,1,3
1686,1687,2,3
1687,1688,3,3
1688,1689,1,3
1689,1690,3,3
1690,1691,2,3
1691,1692,3,4
1692,1693,3,3
1693,1694,3,3
1694,1695,2,3
1695,1696,3,3
1696,1697,3,3
1697,1698,3,3
1698,1699,3,3
1699,1700,1,3
1700,1701,3,3
1701,1702,3,3
1702,1703,4,3
1703,1704,3,3
1704,1705,4,3
1705,1706,4,4
1706,1707,2,4
1707,1708,3,3
1708,1709,1,3
1709,1710,3,3
1710,1711,2,3
1711,1712,3,3
1712,1713,3,3
1713,1714,3,3
1714,1715,2,3
1715,1716,3,3
1716,1717,3,3
1717,1718,4,3
1718,1719,2,3
1719,1720,3,3
1720,1721,3,3
1721,1722,3,4
1722,1723,2,3
1723,1724,2,3
1724,1725,1,3
1725,1726,2,3
1726,1727,3,3
1727,1728,4,3
1728,1729,3,3
1729,1730,3,3
1730,1731,2,4
1731,1732,2,3
1732,1733,4,3
1733,1734,3,3
1734,1735,4,3
1735,1736,4,3
1736,1737,3,4
1737,1738,1,3
1738,1739,3,3
1739,1740,1,3
1740,1741,2,3
1741,1742,2,3
1742,1743,2,4
1743,1744,3,3
1744,1745,3,3
1745,1746,3,3
1746,1747,3,3
1747,1748,3,4
1748,1749,4,4
1749,1750,2,3
1750,1751,3,3
1751,1752,4,4
1752,1753,2,3
1753,1754,3,3
1754,1755,3,3
1755,1756,2,3
1756,1757,2,4
1757,1758,3,3
1758,1759,3,3
1759,1760,3,4
1760,1761,3,3
1761,1762,4,3
1762,1763,3,3
1763,1764,2,3
1764,1765,3,3
1765,1766,3,3
1766,1767,3,3
1767,1768,2,3
1768,1769,3,3
1769,1770,3,3
1770,1771,1,3
1771,1772,3,3
1772,1773,2,3
1773,1774,3,3
1774,1775,3,3
1775,1776,3,3
1776,1777,3,3
1777,1778,1,3
1778,1779,3,3
1779,1780,3,3
1780,1781,3,3
1781,1782,1,3
1782,1783,3,3
1783,1784,3,3
1784,1785,3,3
1785,1786,3,3
1786,1787,3,3
1787,1788,3,3
1788,1789,3,3
1789,1790,3,3
1790,1791,3,3
1791,1792,3,3
1792,1793,2,3
1793,1794,3,3
1794,1795,4,3
1795,1796,3,4
1796,1797,4,3
1797,1798,2,3
1798,1799,3,3
1799,1800,2,3
1800,1801,1,3
1801,1802,4,3
1802,1803,3,3
1803,1804,2,3
1804,1805,4,3
1805,1806,3,4
1806,1807,2,3
1807,1808,3,3
1808,1809,4,3
1809,1810,3,3
1810,1811,2,3
1811,1812,3,3
1812,1813,2,3
1813,1814,3,3
1814,1815,3,3
1815,1816,3,3
1816,1817,3,3
1817,1818,3,3
1818,1819,3,3
1819,1820,4,3
1820,1821,4,3
1821,1822,2,3
1822,1823,2,4
1823,1824,3,3
1824,1825,2,3
1825,1826,3,3
1826,1827,3,4
1827,1828,3,3
1828,1829,3,3
1829,1830,3,3
1830,1831,4,3
1831,1832,2,3
1832,1833,2,4
1833,1834,3,3
1834,1835,3,4
1835,1836,3,3
1836,1837,4,3
1837,1838,3,3
1838,1839,1,3
1839,1840,3,3
1840,1841,3,3
1841,1842,3,3
1842,1843,2,3
1843,1844,3,3
1844,1845,2,3
1845,1846,2,4
1846,1847,3,3
1847,1848,2,3
1848,1849,4,3
1849,1850,3,3
1850,1851,3,3
1851,1852,3,3
1852,1853,3,4
1853,1854,2,3
1854,1855,4,3
1855,1856,3,4
1856,1857,3,3
1857,1858,3,3
1858,1859,2,3
1859,1860,4,3
1860,1861,1,3
1861,1862,4,4
1862,1863,3,3
1863,1864,3,3
1864,1865,3,3
1865,1866,3,4
1866,1867,2,3
1867,1868,3,3
1868,1869,2,3
1869,1870,4,3
1870,1871,3,3
1871,1872,3,3
1872,1873,3,3
1873,1874,3,3
1874,1875,1,3
1875,1876,3,3
1876,1877,3,3
1877,1878,3,4
1878,1879,3,3
1879,1880,4,3
1880,1881,3,4
1881,1882,3,3
1882,1883,3,3
1883,1884,3,3
1884,1885,2,3
1885,1886,3,3
1886,1887,3,4
1887,1888,3,3
1888,1889,3,4
1889,1890,2,3
1890,1891,3,3
1891,1892,3,3
1892,1893,2,3
1893,1894,3,3
1894,1895,2,3
1895,1896,2,3
1896,1897,3,3
1897,1898,2,3
1898,1899,3,3
1899,1900,1,3
1900,1901,3,3
1901,1902,3,3
1902,1903,3,3
1903,1904,2,3
1904,1905,3,4
1905,1906,3,3
1906,1907,3,3
1907,1908,2,3
1908,1909,3,3
1909,1910,3,3
1910,1911,2,3
1911,1912,3,3
1912,1913,1,3
1913,1914,3,3
1914,1915,2,3
1915,1916,3,4
1916,1917,1,3
1917,1918,2,3
1918,1919,3,3
1919,1920,3,3
1920,1921,3,3
1921,1922,3,4
1922,1923,3,3
1923,1924,2,3
1924,1925,3,3
1925,1926,3,3
1926,1927,2,4
1927,1928,2,3
1928,1929,3,3
1929,1930,3,3
1930,1931,4,3
1931,1932,3,3
1932,1933,2,3
1933,1934,3,3
1934,1935,2,3
1935,1936,3,3
1936,1937,3,3
1937,1938,2,3
1938,1939,3,3
1939,1940,3,3
1940,1941,3,3
1941,1942,3,3
1942,1943,2,3
1943,1944,3,3
1944,1945,3,3
1945,1946,3,4
1946,1947,3,4
1947,1948,3,3
1948,1949,3,3
1949,1950,3,3
1950,1951,4,3
1951,1952,3,3
1952,1953,3,3
1953,1954,4,3
1954,1955,4,4
1955,1956,2,3
1956,1957,4,3
1957,1958,2,3
1958,1959,3,3
1959,1960,4,3
1960,1961,2,3
1961,1962,4,3
1962,1963,3,3
1963,1964,2,3
1964,1965,3,3
1965,1966,4,3
1966,1967,3,3
1967,1968,2,3
1968,1969,1,4
1969,1970,2,3
1970,1971,3,3
1971,1972,3,4
1972,1973,4,4
1973,1974,3,3
1974,1975,3,3
1975,1976,2,3
1976,1977,4,3
1977,1978,1,3
1978,1979,3,3
1979,1980,3,4
1980,1981,3,3
1981,1982,2,3
1982,1983,2,3
1983,1984,3,3
1984,1985,3,3
1985,1986,3,3
1986,1987,2,3
1987,1988,2,4
1988,1989,2,4
1989,1990,3,3
1990,1991,3,3
1991,1992,3,4
1992,1993,2,3
1993,1994,1,3
1994,1995,3,3
1995,1996,4,3
1996,1997,3,3
1997,1998,3,3
1998,1999,2,3
1999,2000,3,3
2000,2001,4,3
2001,2002,3,3
2002,2003,3,3
2003,2004,2,4
2004,2005,3,3
2005,2006,3,3
2006,2007,3,3
2007,2008,2,4
2008,2009,2,3
2009,2010,4,3
2010,2011,3,3
2011,2012,2,3
2012,2013,3,3
2013,2014,3,3
2014,2015,2,3
2015,2016,3,4
2016,2017,3,3
2017,2018,3,3
2018,2019,3,3
2019,2020,2,3
2020,2021,4,3
2021,2022,3,3
2022,2023,3,3
2023,2024,3,4
2024,2025,3,3
2025,2026,3,3
2026,2027,3,3
2027,2028,2,3
2028,2029,3,3
2029,2030,4,3
2030,2031,3,3
2031,2032,3,3
2032,2033,3,3
2033,2034,2,4
2034,2035,2,3
2035,2036,1,3
2036,2037,4,3
2037,2038,1,4
2038,2039,2,3
2039,2040,3,3
2040,2041,4,3
2041,2042,2,3
2042,2043,3,3
2043,2044,4,3
2044,2045,3,3
2045,2046,3,3
2046,2047,3,3
2047,2048,2,3
2048,2049,1,3
2049,2050,1,3
2050,2051,1,3
2051,2052,2,4
2052,2053,3,4
2053,2054,3,3
2054,2055,1,3
2055,2056,3,4
2056,2057,3,3
2057,2058,3,4
2058,2059,3,3
2059,2060,3,3
2060,2061,3,3
2061,2062,3,3
2062,2063,2,3
2063,2064,1,3
2064,2065,3,4
2065,2066,3,3
2066,2067,3,3
2067,2068,1,3
2068,2069,3,3
2069,2070,1,3
2070,2071,2,3
2071,2072,3,3
2072,2073,2,4
2073,2074,3,3
2074,2075,3,3
2075,2076,1,3
2076,2077,4,3
2077,2078,2,3
2078,2079,4,3
2079,2080,3,4
2080,2081,3,3
2081,2082,3,4
2082,2083,2,4
2083,2084,3,3
2084,2085,2,3
2085,2086,4,3
2086,2087,3,3
2087,2088,1,3
2088,2089,2,3
2089,2090,3,4
2090,2091,2,3
2091,2092,3,3
2092,2093,3,3
2093,2094,3,3
2094,2095,2,3
2095,2096,3,3
2096,2097,1,3
2097,2098,3,4
2098,2099,2,3
2099,2100,3,3
2100,2101,2,4
2101,2102,3,4
2102,2103,2,3
2103,2104,3,4
2104,2105,3,3
2105,2106,3,4
2106,2107,3,3
2107,2108,3,3
2108,2109,4,3
2109,2110,3,3
2110,2111,3,3
2111,2112,2,3
2112,2113,3,3
2113,2114,4,3
2114,2115,3,3
2115,2116,3,3
2116,2117,3,3
2117,2118,3,3
2118,2119,3,3
2119,2120,3,3
2120,2121,4,3
2121,2122,3,4
2122,2123,3,3
2123,2124,3,3
2124,2125,3,3
2125,2126,3,3
2126,2127,4,4
2127,2128,3,3
2128,2129,1,3
2129,2130,2,3
2130,2131,3,3
2131,2132,3,4
2132,2133,3,3
2133,2134,3,3
2134,2135,1,3
2135,2136,3,3
2136,2137,3,3
2137,2138,3,3
2138,2139,4,3
2139,2140,2,4
2140,2141,3,3
2141,2142,3,3
2142,2143,3,3
2143,2144,3,3
2144,2145,3,3
2145,2146,3,3
2146,2147,3,4
2147,2148,3,3
2148,2149,3,3
2149,2150,3,3
2150,2151,1,3
2151,2152,3,3
2152,2153,2,4
2153,2154,4,3
2154,2155,2,3
2155,2156,2,3
2156,2157,2,3
2157,2158,2,4
2158,2159,2,3
2159,2160,3,3
2160,2161,2,3
2161,2162,3,3
2162,2163,2,3
2163,2164,3,3
2164,2165,3,3
2165,2166,3,3
2166,2167,2,3
2167,2168,3,3
2168,2169,3,3
2169,2170,3,3
2170,2171,3,4
2171,2172,2,3
2172,2173,2,3
2173,2174,2,3
2174,2175,3,3
2175,2176,2,3
2176,2177,4,3
2177,2178,3,3
2178,2179,4,3
2179,2180,1,4
2180,2181,3,3
2181,2182,2,4
2182,2183,3,3
2183,2184,3,3
2184,2185,3,4
2185,2186,2,3
2186,2187,4,3
2187,2188,4,3
2188,2189,3,3
2189,2190,3,3
2190,2191,2,3
2191,2192,4,3
2192,2193,1,3
2193,2194,3,3
2194,2195,2,3
2195,2196,3,4
2196,2197,3,3
2197,2198,2,3
2198,2199,3,3
2199,2200,2,3
2200,2201,3,3
2201,2202,4,3
2202,2203,3,3
2203,2204,3,3
2204,2205,3,3
2205,2206,2,3
2206,2207,3,3
2207,2208,3,3
2208,2209,3,3
2209,2210,4,3
2210,2211,3,4
2211,2212,3,3
2212,2213,3,3
2213,2214,3,3
2214,2215,3,3
2215,2216,1,3
2216,2217,2,4
2217,2218,2,3
2218,2219,3,3
2219,2220,3,3
2220,2221,2,3
2221,2222,3,3
2222,2223,3,3
2223,2224,3,3
2224,2225,3,3
2225,2226,3,3
2226,2227,3,3
2227,2228,4,3
2228,2229,1,3
2229,2230,3,3
2230,2231,2,3
2231,2232,3,3
2232,2233,3,3
2233,2234,2,3
2234,2235,3,4
2235,2236,3,3
2236,2237,3,3
2237,2238,3,3
2238,2239,3,3
2239,2240,3,3
2240,2241,3,3
2241,2242,2,3
2242,2243,3,3
2243,2244,3,3
2244,2245,2,3
2245,2246,3,3
2246,2247,3,3
2247,2248,3,3
2248,2249,3,4
2249,2250,3,3
2250,2251,3,3
2251,2252,3,3
2252,2253,2,3
2253,2254,3,3
2254,2255,2,3
2255,2256,3,4
2256,2257,1,3
2257,2258,3,3
2258,2259,4,3
2259,2260,3,3
2260,2261,3,3
2261,2262,3,4
2262,2263,3,4
2263,2264,3,3
2264,2265,3,3
2265,2266,2,3
2266,2267,3,3
2267,2268,3,4
2268,2269,3,4
2269,2270,3,3
2270,2271,3,3
2271,2272,2,3
2272,2273,2,3
2273,2274,1,3
2274,2275,2,4
2275,2276,3,3
2276,2277,3,3
2277,2278,3,3
2278,2279,3,4
2279,2280,2,3
2280,2281,3,3
2281,2282,2,3
2282,2283,3,3
2283,2284,3,3
2284,2285,1,3
2285,2286,2,3
2286,2287,2,3
2287,2288,2,4
2288,2289,2,3
2289,2290,3,3
2290,2291,2,3
2291,2292,4,3
2292,2293,2,3
2293,2294,4,3
2294,2295,2,3
2295,2296,4,3
2296,2297,3,3
2297,2298,2,3
2298,2299,2,3
2299,2300,3,3
2300,2301,3,3
2301,2302,3,3
2302,2303,4,3
2303,2304,3,3
2304,2305,2,4
2305,2306,3,3
2306,2307,4,3
2307,2308,2,3
2308,2309,3,3
2309,2310,3,3
2310,2311,2,3
2311,2312,4,4
2312,2313,4,3
2313,2314,4,4
2314,2315,2,3
2315,2316,3,3
2316,2317,4,3
2317,2318,2,4
2318,2319,3,3
2319,2320,3,3
2320,2321,3,3
2321,2322,3,3
2322,2323,1,3
2323,2324,3,4
2324,2325,2,3
2325,2326,3,3
2326,2327,3,3
2327,2328,3,3
2328,2329,2,3
2329,2330,3,3
2330,2331,3,3
2331,2332,4,4
2332,2333,2,3
2333,2334,3,3
2334,2335,2,3
2335,2336,4,3
2336,2337,3,3
2337,2338,3,4
2338,2339,1,3
2339,2340,3,3
2340,2341,3,3
2341,2342,3,3
2342,2343,3,3
2343,2344,3,3
2344,2345,3,3
2345,2346,4,4
2346,2347,2,3
2347,2348,3,3
2348,2349,3,3
2349,2350,2,3
2350,2351,2,4
2351,2352,3,3
2352,2353,3,4
2353,2354,3,3
2354,2355,3,3
2355,2356,2,3
2356,2357,3,4
2357,2358,3,3
2358,2359,2,3
2359,2360,3,3
2360,2361,3,3
2361,2362,3,3
2362,2363,2,4
2363,2364,3,3
2364,2365,3,3
2365,2366,2,3
2366,2367,2,3
2367,2368,3,3
2368,2369,3,3
2369,2370,3,3
2370,2371,4,3
2371,2372,3,3
2372,2373,2,3
2373,2374,3,3
2374,2375,3,3
2375,2376,3,3
2376,2377,2,3
2377,2378,2,3
2378,2379,3,3
2379,2380,1,3
2380,2381,3,4
2381,2382,1,3
2382,2383,3,4
2383,2384,3,3
2384,2385,2,3
2385,2386,2,4
2386,2387,2,3
2387,2388,3,3
2388,2389,2,4
2389,2390,2,3
2390,2391,3,3
2391,2392,3,3
2392,2393,3,3
2393,2394,3,3
2394,2395,3,3
2395,2396,3,3
2396,2397,3,3
2397,2398,3,3
2398,2399,2,3
2399,2400,3,3
2400,2401,2,3
2401,2402,2,3
2402,2403,3,3
2403,2404,2,3
2404,2405,2,3
2405,2406,3,3
2406,2407,2,4
2407,2408,1,3
2408,2409,4,3
2409,2410,3,3
2410,2411,2,3
2411,2412,3,3
2412,2413,2,3
2413,2414,3,3
2414,2415,3,3
2415,2416,3,3
2416,2417,1,3
2417,2418,3,3
2418,2419,3,4
2419,2420,3,3
2420,2421,1,3
2421,2422,2,3
2422,2423,3,3
2423,2424,3,3
2424,2425,3,3
2425,2426,3,3
2426,2427,4,3
2427,2428,3,3
2428,2429,1,3
2429,2430,3,3
2430,2431,3,3
2431,2432,3,3
2432,2433,1,3
2433,2434,2,3
2434,2435,2,3
2435,2436,3,3
2436,2437,3,3
2437,2438,3,4
2438,2439,3,3
2439,2440,3,3
2440,2441,1,3
2441,2442,3,3
2442,2443,2,3
2443,2444,2,3
2444,2445,3,4
2445,2446,3,3
2446,2447,3,3
2447,2448,3,4
2448,2449,3,4
2449,2450,3,3
2450,2451,3,3
2451,2452,3,3
2452,2453,2,3
2453,2454,2,3
2454,2455,2,3
2455,2456,3,3
2456,2457,3,3
2457,2458,3,3
2458,2459,3,3
2459,2460,4,3
2460,2461,2,3
2461,2462,3,3
2462,2463,3,4
2463,2464,3,3
2464,2465,2,3
2465,2466,3,3
2466,2467,3,3
2467,2468,1,3
2468,2469,3,3
2469,2470,3,3
2470,2471,3,3
2471,2472,3,3
2472,2473,3,3
2473,2474,2,3
2474,2475,3,3
2475,2476,3,3
2476,2477,3,4
2477,2478,3,3
2478,2479,3,3
2479,2480,2,4
2480,2481,4,3
2481,2482,3,3
2482,2483,3,3
2483,2484,4,3
2484,2485,2,3
2485,2486,3,3
2486,2487,2,3
2487,2488,3,3
2488,2489,2,3
2489,2490,4,3
2490,2491,2,3
2491,2492,4,3
2492,2493,3,3
2493,2494,3,4
2494,2495,3,3
2495,2496,3,3
2496,2497,2,3
2497,2498,3,3
2498,2499,3,3
2499,2500,3,3
2500,2501,3,3
2501,2502,3,3
2502,2503,4,4
2503,2504,3,3
2504,2505,2,3
2505,2506,3,3
2506,2507,1,3
2507,2508,2,3
2508,2509,3,3
2509,2510,2,3
2510,2511,3,3
2511,2512,3,3
2512,2513,2,3
2513,2514,3,3
2514,2515,2,3
2515,2516,3,3
2516,2517,3,3
2517,2518,2,3
2518,2519,3,3
2519,2520,3,3
2520,2521,1,3
2521,2522,2,3
2522,2523,3,3
2523,2524,3,4
2524,2525,3,3
2525,2526,2,3
2526,2527,2,3
2527,2528,3,3
2528,2529,3,4
2529,2530,3,3
2530,2531,3,3
2531,2532,3,3
2532,2533,3,3
2533,2534,2,3
2534,2535,3,4
2535,2536,2,3
2536,2537,3,3
2537,2538,3,3
2538,2539,3,3
2539,2540,3,3
2540,2541,4,3
2541,2542,3,4
2542,2543,2,3
2543,2544,2,3
2544,2545,2,3
2545,2546,4,4
2546,2547,3,4
2547,2548,3,3
2548,2549,3,3
2549,2550,4,3
2550,2551,3,3
2551,2552,3,3
2552,2553,2,3
2553,2554,3,3
2554,2555,3,3
2555,2556,2,3
2556,2557,4,3
2557,2558,2,4
2558,2559,2,3
2559,2560,1,3
2560,2561,3,3
2561,2562,2,3
2562,2563,2,4
2563,2564,4,3
2564,2565,3,3
2565,2566,3,3
2566,2567,3,4
2567,2568,3,3
2568,2569,3,3
2569,2570,3,3
2570,2571,2,4
2571,2572,3,3
2572,2573,4,4
2573,2574,4,3
2574,2575,3,3
2575,2576,3,3
2576,2577,3,3
2577,2578,3,3
2578,2579,3,3
2579,2580,3,3
2580,2581,3,3
2581,2582,3,3
2582,2583,3,3
2583,2584,3,3
2584,2585,3,3
2585,2586,3,3
2586,2587,3,4
2587,2588,3,3
2588,2589,3,4
2589,2590,2,3
2590,2591,3,3
2591,2592,3,3
2592,2593,3,3
2593,2594,3,3
2594,2595,4,3
2595,2596,1,3
2596,2597,3,3
2597,2598,2,3
2598,2599,4,3
2599,2600,4,4
2600,2601,4,3
2601,2602,3,3
2602,2603,2,3
2603,2604,2,3
2604,2605,1,3
2605,2606,3,3
2606,2607,2,3
2607,2608,3,3
2608,2609,3,3
2609,2610,3,3
2610,2611,3,3
2611,2612,3,3
2612,2613,2,3
2613,2614,2,3
2614,2615,3,3
2615,2616,2,3
2616,2617,3,3
2617,2618,3,3
2618,2619,4,3
2619,2620,1,3
2620,2621,3,3
2621,2622,2,4
2622,2623,2,3
2623,2624,3,3
2624,2625,2,3
2625,2626,3,3
2626,2627,2,3
2627,2628,3,3
2628,2629,3,3
2629,2630,3,3
2630,2631,3,3
2631,2632,1,3
2632,2633,1,3
2633,2634,2,3
2634,2635,2,3
2635,2636,3,3
2636,2637,3,4
2637,2638,2,3
2638,2639,3,3
2639,2640,2,3
2640,2641,3,3
2641,2642,3,3
2642,2643,2,3
2643,2644,3,3
2644,2645,3,3
2645,2646,3,4
2646,2647,3,3
2647,2648,3,3
2648,2649,3,3
2649,2650,4,3
2650,2651,3,3
2651,2652,3,3
2652,2653,2,3
2653,2654,2,4
2654,2655,3,4
2655,2656,2,4
2656,2657,3,4
2657,2658,4,3
2658,2659,3,3
2659,2660,3,3
2660,2661,3,3
2661,2662,3,3
2662,2663,3,3
2663,2664,2,4
2664,2665,2,3
2665,2666,2,3
2666,2667,4,3
2667,2668,3,3
2668,2669,2,4
2669,2670,3,3
2670,2671,3,3
2671,2672,2,3
2672,2673,3,3
2673,2674,3,3
2674,2675,4,3
2675,2676,3,3
2676,2677,3,4
2677,2678,3,3
2678,2679,3,3
2679,2680,3,4
2680,2681,2,3
2681,2682,3,3
2682,2683,3,3
2683,2684,3,4
2684,2685,3,3
2685,2686,3,3
2686,2687,2,3
2687,2688,2,3
2688,2689,3,3
2689,2690,3,3
2690,2691,3,3
2691,2692,3,4
2692,2693,3,3
2693,2694,2,3
2694,2695,3,3
2695,2696,2,3
2696,2697,3,3
2697,2698,4,3
2698,2699,3,3
2699,2700,4,3
2700,2701,3,3
2701,2702,3,3
2702,2703,2,3
2703,2704,3,3
2704,2705,3,3
2705,2706,3,3
2706,2707,1,3
2707,2708,3,3
2708,2709,3,3
2709,2710,2,4
2710,2711,3,3
2711,2712,1,3
2712,2713,3,3
2713,2714,3,4
2714,2715,3,3
2715,2716,3,3
2716,2717,2,3
2717,2718,2,3
2718,2719,2,3
2719,2720,3,3
2720,2721,2,3
2721,2722,2,3
2722,2723,3,3
2723,2724,2,3
2724,2725,3,3
2725,2726,3,4
2726,2727,1,3
2727,2728,3,3
2728,2729,2,3
2729,2730,2,3
2730,2731,3,3
2731,2732,3,3
2732,2733,1,3
2733,2734,3,4
2734,2735,3,3
2735,2736,3,3
2736,2737,3,4
2737,2738,3,3
2738,2739,3,4
2739,2740,2,3
2740,2741,3,3
2741,2742,3,3
2742,2743,3,3
2743,2744,3,3
2744,2745,3,3
2745,2746,3,3
2746,2747,3,3
2747,2748,3,3
2748,2749,3,3
2749,2750,3,3
2750,2751,3,3
2751,2752,4,3
2752,2753,2,3
2753,2754,3,3
2754,2755,1,4
2755,2756,2,3
2756,2757,3,3
2757,2758,3,3
2758,2759,4,3
2759,2760,1,3
2760,2761,3,3
2761,2762,3,3
2762,2763,3,3
2763,2764,3,3
2764,2765,3,3
2765,2766,4,3
2766,2767,3,3
2767,2768,3,3
2768,2769,3,4
2769,2770,2,3
2770,2771,4,4
2771,2772,3,4
2772,2773,2,3
2773,2774,3,3
2774,2775,3,3
2775,2776,3,3
2776,2777,2,3
2777,2778,2,4
2778,2779,3,4
2779,2780,2,3
2780,2781,4,3
2781,2782,2,3
2782,2783,3,3
2783,2784,2,3
2784,2785,3,4
2785,2786,2,4
2786,2787,3,4
2787,2788,3,3
2788,2789,2,3
2789,2790,2,3
2790,2791,3,4
2791,2792,3,3
2792,2793,3,3
2793,2794,3,3
2794,2795,3,3
2795,2796,3,3
2796,2797,3,3
2797,2798,3,3
2798,2799,3,4
2799,2800,3,3
2800,2801,3,3
2801,2802,3,3
2802,2803,3,4
2803,2804,3,4
2804,2805,1,3
2805,2806,3,3
2806,2807,3,4
2807,2808,2,3
2808,2809,2,3
2809,2810,3,4
2810,2811,3,3
2811,2812,2,3
2812,2813,4,3
2813,2814,4,3
2814,2815,2,4
2815,2816,1,3
2816,2817,4,3
2817,2818,4,4
2818,2819,4,3
2819,2820,4,3
2820,2821,2,3
2821,2822,3,3
2822,2823,2,3
2823,2824,3,4
2824,2825,3,3
2825,2826,4,3
2826,2827,3,4
2827,2828,3,3
2828,2829,3,3
2829,2830,2,3
2830,2831,4,3
2831,2832,2,3
2832,2833,3,3
2833,2834,3,3
2834,2835,2,3
2835,2836,3,3
2836,2837,1,3
2837,2838,4,3
2838,2839,3,3
2839,2840,1,3
2840,2841,3,3
2841,2842,3,3
2842,2843,3,4
2843,2844,4,3
2844,2845,2,3
2845,2846,3,3
2846,2847,3,3
2847,2848,4,3
2848,2849,3,3
2849,2850,2,3
2850,2851,2,3
2851,2852,3,3
2852,2853,3,3
2853,2854,3,4
2854,2855,3,4
2855,2856,3,3
2856,2857,3,3
2857,2858,2,3
2858,2859,3,3
2859,2860,3,4
2860,2861,1,3
2861,2862,4,3
2862,2863,4,3
2863,2864,3,3
2864,2865,3,4
2865,2866,2,3
2866,2867,3,3
2867,2868,1,3
2868,2869,3,4
2869,2870,2,3
2870,2871,4,3
2871,2872,3,3
2872,2873,3,3
2873,2874,3,3
2874,2875,4,3
2875,2876,2,4
2876,2877,3,3
2877,2878,1,3
2878,2879,4,3
2879,2880,3,3
2880,2881,3,3
2881,2882,4,3
2882,2883,2,3
2883,2884,3,3
2884,2885,3,4
2885,2886,2,3
2886,2887,3,3
2887,2888,3,3
2888,2889,3,3
2889,2890,3,3
2890,2891,4,4
2891,2892,3,3
2892,2893,4,3
2893,2894,2,3
2894,2895,3,3
2895,2896,3,3
2896,2897,2,3
2897,2898,2,3
2898,2899,2,3
2899,2900,2,3
2900,2901,3,3
2901,2902,2,3
2902,2903,2,4
2903,2904,3,4
2904,2905,3,3
2905,2906,3,3
2906,2907,2,3
2907,2908,3,3
2908,2909,3,3
2909,2910,3,3
2910,2911,2,3
2911,2912,3,4
2912,2913,3,3
2913,2914,3,3
2914,2915,4,3
2915,2916,4,4
2916,2917,2,4
2917,2918,3,4
2918,2919,3,3
2919,2920,2,3
2920,2921,2,3
2921,2922,3,3
2922,2923,4,3
2923,2924,2,3
2924,2925,2,3
2925,2926,2,3
2926,2927,2,3
2927,2928,4,3
2928,2929,3,3
2929,2930,2,3
2930,2931,3,3
2931,2932,2,3
2932,2933,3,3
2933,2934,3,3
2934,2935,2,3
2935,2936,3,3
2936,2937,2,3
2937,2938,3,4
2938,2939,2,3
2939,2940,4,3
2940,2941,3,3
2941,2942,2,4
2942,2943,3,3
2943,2944,2,3
2944,2945,3,3
2945,2946,3,3
2946,2947,3,4
2947,2948,3,4
2948,2949,3,4
2949,2950,3,3
2950,2951,2,3
2951,2952,3,3
2952,2953,3,3
2953,2954,2,3
2954,2955,3,3
2955,2956,3,3
2956,2957,2,3
2957,2958,3,3
2958,2959,2,3
2959,2960,3,3
2960,2961,3,3
2961,2962,2,4
2962,2963,3,3
2963,2964,1,3
2964,2965,3,3
2965,2966,3,3
2966,2967,3,4
2967,2968,3,3
2968,2969,2,3
2969,2970,2,3
2970,2971,2,3
2971,2972,2,3
2972,2973,3,3
2973,2974,3,3
2974,2975,3,3
2975,2976,3,3
2976,2977,3,3
2977,2978,3,3
2978,2979,2,3
2979,2980,2,3
2980,2981,2,3
2981,2982,2,3
2982,2983,3,3
2983,2984,3,3
2984,2985,2,4
2985,2986,3,3
2986,2987,3,4
2987,2988,3,4
2988,2989,3,4
2989,2990,2,3
2990,2991,2,3
2991,2992,2,3
2992,2993,3,4
2993,2994,3,3
2994,2995,3,3
2995,2996,3,3
2996,2997,3,4
2997,2998,3,3
2998,2999,3,4
2999,3000,3,3
3000,3001,3,4
3001,3002,4,3
3002,3003,4,3
3003,3004,4,3
3004,3005,3,3
3005,3006,2,3
3006,3007,3,3
3007,3008,2,3
3008,3009,3,3
3009,3010,3,3
3010,3011,3,3
3011,3012,4,4
3012,3013,3,3
3013,3014,3,3
3014,3015,3,3
3015,3016,3,4
3016,3017,3,3
3017,3018,3,3
3018,3019,3,3
3019,3020,3,4
3020,3021,2,3
3021,3022,2,3
3022,3023,3,3
3023,3024,3,3
3024,3025,3,3
3025,3026,3,3
3026,3027,4,3
3027,3028,2,4
3028,3029,3,3
3029,3030,4,3
3030,3031,1,4
3031,3032,2,4
3032,3033,2,3
3033,3034,3,3
3034,3035,2,3
3035,3036,3,3
3036,3037,3,4
3037,3038,3,3
3038,3039,3,3
3039,3040,2,3
3040,3041,1,4
3041,3042,3,3
3042,3043,1,3
3043,3044,3,3
3044,3045,1,3
3045,3046,1,4
3046,3047,4,3
3047,3048,3,3
3048,3049,4,3
3049,3050,3,3
3050,3051,2,4
3051,3052,3,4
3052,3053,3,3
3053,3054,4,3
3054,3055,3,3
3055,3056,3,3
3056,3057,2,3
3057,3058,3,3
3058,3059,3,4
3059,3060,3,3
3060,3061,3,4
3061,3062,3,3
3062,3063,3,3
3063,3064,3,3
3064,3065,3,3
3065,3066,2,3
3066,3067,3,3
3067,3068,2,3
3068,3069,3,3
3069,3070,2,3
3070,3071,2,3
3071,3072,2,3
3072,3073,3,3
3073,3074,2,3
3074,3075,2,4
3075,3076,3,4
3076,3077,2,3
3077,3078,2,3
3078,3079,3,3
3079,3080,4,3
3080,3081,2,4
3081,3082,3,3
3082,3083,1,4
3083,3084,3,3
3084,3085,3,3
3085,3086,2,3
3086,3087,2,3
3087,3088,3,3
3088,3089,2,4
3089,3090,3,3
3090,3091,3,3
3091,3092,2,3
3092,3093,3,4
3093,3094,3,3
3094,3095,2,3
3095,3096,3,3
3096,3097,2,3
3097,3098,3,4
3098,3099,3,3
3099,3100,2,3
3100,3101,4,4
3101,3102,2,3
3102,3103,3,3
3103,3104,2,3
3104,3105,3,3
3105,3106,3,3
3106,3107,3,3
3107,3108,3,3
3108,3109,3,4
3109,3110,3,4
3110,3111,2,3
3111,3112,2,4
3112,3113,3,3
3113,3114,3,3
3114,3115,4,3
3115,3116,2,3
3116,3117,3,3
3117,3118,2,4
3118,3119,3,4
3119,3120,3,3
3120,3121,1,4
3121,3122,2,3
3122,3123,4,4
3123,3124,2,3
3124,3125,3,3
3125,3126,3,3
3126,3127,3,3
3127,3128,3,3
3128,3129,2,3
3129,3130,2,3
3130,3131,3,3
3131,3132,3,3
3132,3133,2,3
3133,3134,3,3
3134,3135,3,4
3135,3136,3,3
3136,3137,2,3
3137,3138,3,3
3138,3139,3,3
3139,3140,4,3
3140,3141,2,3
3141,3142,2,3
3142,3143,2,3
3143,3144,2,3
3144,3145,2,3
3145,3146,1,4
3146,3147,3,3
3147,3148,3,3
3148,3149,3,3
3149,3150,3,3
3150,3151,3,3
3151,3152,2,4
3152,3153,2,3
3153,3154,3,3
3154,3155,3,3
3155,3156,1,3
3156,3157,2,3
3157,3158,3,3
3158,3159,1,3
3159,3160,3,3
3160,3161,2,3
3161,3162,3,4
3162,3163,3,3
3163,3164,3,3
3164,3165,2,3
3165,3166,3,3
3166,3167,3,3
3167,3168,3,3
3168,3169,3,3
3169,3170,1,3
3170,3171,3,3
3171,3172,3,3
3172,3173,4,3
3173,3174,3,3
3174,3175,4,3
3175,3176,4,4
3176,3177,2,4
3177,3178,3,3
3178,3179,1,3
3179,3180,3,3
3180,3181,2,3
3181,3182,3,3
3182,3183,3,3
3183,3184,3,3
3184,3185,2,3
3185,3186,3,3
3186,3187,3,3
3187,3188,4,3
3188,3189,2,3
3189,3190,3,3
3190,3191,3,3
3191,3192,3,4
3192,3193,2,3
3193,3194,2,3
3194,3195,1,3
3195,3196,2,3
3196,3197,3,3
3197,3198,4,3
3198,3199,3,3
3199,3200,3,3
3200,3201,2,4
3201,3202,2,3
3202,3203,4,3
3203,3204,3,3
3204,3205,4,3
3205,3206,4,3
3206,3207,3,4
3207,3208,1,3
3208,3209,3,3
3209,3210,1,3
3210,3211,2,3
3211,3212,2,3
3212,3213,2,4
3213,3214,3,3
3214,3215,3,3
3215,3216,3,3
3216,3217,3,3
3217,3218,3,4
3218,3219,4,4
3219,3220,2,3
3220,3221,3,3
3221,3222,4,4
3222,3223,2,3
3223,3224,3,3
3224,3225,3,3
3225,3226,2,3
3226,3227,2,4
3227,3228,3,3
3228,3229,3,3
3229,3230,3,4
3230,3231,3,3
3231,3232,4,3
3232,3233,3,3
3233,3234,2,3
3234,3235,3,3
3235,3236,3,3
3236,3237,3,3
3237,3238,2,3
3238,3239,3,3
3239,3240,3,3
3240,3241,1,3
3241,3242,3,3
3242,3243,2,3
3243,3244,3,3
3244,3245,3,3
3245,3246,3,3
3246,3247,3,3
3247,3248,1,3
3248,3249,3,3
3249,3250,3,3
3250,3251,3,3
3251,3252,1,3
3252,3253,3,3
3253,3254,3,3
3254,3255,3,3
3255,3256,3,3
3256,3257,3,3
3257,3258,3,3
3258,3259,3,3
3259,3260,3,3
3260,3261,3,3
3261,3262,3,3
3262,3263,2,3
3263,3264,3,3
3264,3265,4,3
3265,3266,3,4
3266,3267,4,3
3267,3268,2,3
3268,3269,3,3
3269,3270,2,3
3270,3271,1,3
3271,3272,4,3
3272,3273,3,3
3273,3274,2,3
3274,3275,4,3
3275,3276,3,4
3276,3277,2,3
3277,3278,3,3
3278,3279,4,3
3279,3280,3,3
3280,3281,2,3
3281,3282,3,3
3282,3283,2,3
3283,3284,3,3
3284,3285,3,3
3285,3286,3,3
3286,3287,3,3
3287,3288,3,3
3288,3289,3,3
3289,3290,4,3
3290,3291,4,3
3291,3292,2,3
3292,3293,2,4
3293,3294,3,3
3294,3295,2,3
3295,3296,3,3
3296,3297,3,4
3297,3298,3,3
3298,3299,3,3
3299,3300,3,3
3300,3301,4,3
3301,3302,2,3
3302,3303,2,4
3303,3304,3,3
3304,3305,3,4
3305,3306,3,3
3306,3307,4,3
3307,3308,3,3
3308,3309,1,3
3309,3310,3,3
3310,3311,3,3
3311,3312,3,3
3312,3313,2,3
3313,3314,3,3
3314,3315,2,3
3315,3316,2,4
3316,3317,3,3
3317,3318,2,3
3318,3319,4,3
3319,3320,3,3
3320,3321,3,3
3321,3322,3,3
3322,3323,3,4
3323,3324,2,3
3324,3325,4,3
3325,3326,3,4
3326,3327,3,3
3327,3328,3,3
3328,3329,2,3
3329,3330,4,3
3330,3331,1,3
3331,3332,4,4
3332,3333,3,3
3333,3334,3,3
3334,3335,3,3
3335,3336,3,4
3336,3337,2,3
3337,3338,3,3
3338,3339,2,3
3339,3340,4,3
3340,3341,3,3
3341,3342,3,3
3342,3343,3,3
3343,3344,3,3
3344,3345,1,3
3345,3346,3,3
3346,3347,3,3
3347,3348,3,4
3348,3349,3,3
3349,3350,4,3
3350,3351,3,4
3351,3352,3,3
3352,3353,3,3
3353,3354,3,3
3354,3355,2,3
3355,3356,3,3
3356,3357,3,4
3357,3358,3,3
3358,3359,3,4
3359,3360,2,3
3360,3361,3,3
3361,3362,3,3
3362,3363,2,3
3363,3364,3,3
3364,3365,2,3
3365,3366,2,3
3366,3367,3,3
3367,3368,2,3
3368,3369,3,3
3369,3370,1,3
3370,3371,3,3
3371,3372,3,3
3372,3373,3,3
3373,3374,2,3
3374,3375,3,4
3375,3376,3,3
3376,3377,3,3
3377,3378,2,3
3378,3379,3,3
3379,3380,3,3
3380,3381,2,3
3381,3382,3,3
3382,3383,1,3
3383,3384,3,3
3384,3385,2,3
3385,3386,3,4
3386,3387,1,3
3387,3388,2,3
3388,3389,3,3
3389,3390,3,3
3390,3391,3,3
3391,3392,3,4
3392,3393,3,3
3393,3394,2,3
3394,3395,3,3
3395,3396,3,3
3396,3397,2,4
3397,3398,2,3
3398,3399,3,3
3399,3400,3,3
3400,3401,4,3
3401,3402,3,3
3402,3403,2,3
3403,3404,3,3
3404,3405,2,3
3405,3406,3,3
3406,3407,3,3
3407,3408,2,3
3408,3409,3,3
3409,3410,3,3
3410,3411,3,3
3411,3412,3,3
3412,3413,2,3
3413,3414,3,3
3414,3415,3,3
3415,3416,3,4
3416,3417,3,4
3417,3418,3,3
3418,3419,3,3
3419,3420,3,3
3420,3421,4,3
3421,3422,3,3
3422,3423,3,3
3423,3424,4,3
3424,3425,4,4
3425,3426,2,3
3426,3427,4,3
3427,3428,2,3
3428,3429,3,3
3429,3430,4,3
3430,3431,2,3
3431,3432,4,3
3432,3433,3,3
3433,3434,2,3
3434,3435,3,3
3435,3436,4,3
3436,3437,3,3
3437,3438,2,3
3438,3439,1,4
3439,3440,2,3
3440,3441,3,3
3441,3442,3,4
3442,3443,4,4
3443,3444,3,3
3444,3445,3,3
3445,3446,2,3
3446,3447,4,3
3447,3448,1,3
3448,3449,3,3
3449,3450,3,4
3450,3451,3,3
3451,3452,2,3
3452,3453,2,3
3453,3454,3,3
3454,3455,3,3
3455,3456,3,3
3456,3457,2,3
3457,3458,2,4
3458,3459,2,4
3459,3460,3,3
3460,3461,3,3
3461,3462,3,4
3462,3463,2,3
3463,3464,1,3
3464,3465,3,3
3465,3466,4,3
3466,3467,3,3
3467,3468,3,3
3468,3469,2,3
3469,3470,3,3
3470,3471,4,3
3471,3472,3,3
3472,3473,3,3
3473,3474,2,4
3474,3475,3,3
3475,3476,3,3
3476,3477,3,3
3477,3478,2,4
3478,3479,2,3
3479,3480,4,3
3480,3481,3,3
3481,3482,2,3
3482,3483,3,3
3483,3484,3,3
3484,3485,2,3
3485,3486,3,4
3486,3487,3,3
3487,3488,3,3
3488,3489,3,3
3489,3490,2,3
3490,3491,4,3
3491,3492,3,3
3492,3493,3,3
3493,3494,3,4
3494,3495,3,3
3495,3496,3,3
3496,3497,3,3
3497,3498,2,3
3498,3499,3,3
3499,3500,4,3
3500,3501,3,3
3501,3502,3,3
3502,3503,3,3
3503,3504,2,4
3504,3505,2,3
3505,3506,1,3
3506,3507,4,3
3507,3508,1,4
3508,3509,2,3
3509,3510,3,3
3510,3511,4,3
3511,3512,2,3
3512,3513,3,3
3513,3514,4,3
3514,3515,3,3
3515,3516,3,3
3516,3517,3,3
3517,3518,2,3
3518,3519,1,3
3519,3520,1,3
3520,3521,1,3
3521,3522,2,4
3522,3523,3,4
3523,3524,3,3
3524,3525,1,3
3525,3526,3,4
3526,3527,3,3
3527,3528,3,4
3528,3529,3,3
3529,3530,3,3
3530,3531,3,3
3531,3532,3,3
3532,3533,2,3
3533,3534,1,3
3534,3535,3,4
3535,3536,3,3
3536,3537,3,3
3537,3538,1,3
3538,3539,3,3
3539,3540,1,3
3540,3541,2,3
3541,3542,3,3
3542,3543,2,4
3543,3544,3,3
3544,3545,3,3
3545,3546,1,3
3546,3547,4,3
3547,3548,2,3
3548,3549,4,3
3549,3550,3,4
3550,3551,3,3
3551,3552,3,4
3552,3553,2,4
3553,3554,3,3
3554,3555,2,3
3555,3556,4,3
3556,3557,3,3
3557,3558,1,3
3558,3559,2,3
3559,3560,3,4
3560,3561,2,3
3561,3562,3,3
3562,3563,3,3
3563,3564,3,3
3564,3565,2,3
3565,3566,3,3
3566,3567,1,3
3567,3568,3,4
3568,3569,2,3
3569,3570,3,3
3570,3571,2,4
3571,3572,3,4
3572,3573,2,3
3573,3574,3,4
3574,3575,3,3
3575,3576,3,4
3576,3577,3,3
3577,3578,3,3
3578,3579,4,3
3579,3580,3,3
3580,3581,3,3
3581,3582,2,3
3582,3583,3,3
3583,3584,4,3
3584,3585,3,3
3585,3586,3,3
3586,3587,3,3
3587,3588,3,3
3588,3589,3,3
3589,3590,3,3
3590,3591,4,3
3591,3592,3,4
3592,3593,3,3
3593,3594,3,3
3594,3595,3,3
3595,3596,3,3
3596,3597,4,4
3597,3598,3,3
3598,3599,1,3
3599,3600,2,3
3600,3601,3,3
3601,3602,3,4
3602,3603,3,3
3603,3604,3,3
3604,3605,1,3
3605,3606,3,3
3606,3607,3,3
3607,3608,3,3
3608,3609,4,3
3609,3610,2,4
3610,3611,3,3
3611,3612,3,3
3612,3613,3,3
3613,3614,3,3
3614,3615,3,3
3615,3616,3,3
3616,3617,3,4
3617,3618,3,3
3618,3619,3,3
3619,3620,3,3
3620,3621,1,3
3621,3622,3,3
3622,3623,2,4
3623,3624,4,3
3624,3625,2,3
3625,3626,2,3
3626,3627,2,3
3627,3628,2,4
3628,3629,2,3
3629,3630,3,3
3630,3631,2,3
3631,3632,3,3
3632,3633,2,3
3633,3634,3,3
3634,3635,3,3
3635,3636,3,3
3636,3637,2,3
3637,3638,3,3
3638,3639,3,3
3639,3640,3,3
3640,3641,3,4
3641,3642,2,3
3642,3643,2,3
3643,3644,2,3
3644,3645,3,3
3645,3646,2,3
3646,3647,4,3
3647,3648,3,3
3648,3649,4,3
3649,3650,1,4
3650,3651,3,3
3651,3652,2,4
3652,3653,3,3
3653,3654,3,3
3654,3655,3,4
3655,3656,2,3
3656,3657,4,3
3657,3658,4,3
3658,3659,3,3
3659,3660,3,3
3660,3661,2,3
3661,3662,4,3
3662,3663,1,3
3663,3664,3,3
3664,3665,2,3
3665,3666,3,4
3666,3667,3,3
3667,3668,2,3
3668,3669,3,3
3669,3670,2,3
3670,3671,3,3
3671,3672,4,3
3672,3673,3,3
3673,3674,3,3
3674,3675,3,3
3675,3676,2,3
3676,3677,3,3
3677,3678,3,3
3678,3679,3,3
3679,3680,4,3
3680,3681,3,4
3681,3682,3,3
3682,3683,3,3
3683,3684,3,3
3684,3685,3,3
3685,3686,1,3
3686,3687,2,4
3687,3688,2,3
3688,3689,3,3
3689,3690,3,3
3690,3691,2,3
3691,3692,3,3
3692,3693,3,3
3693,3694,3,3
3694,3695,3,3
3695,3696,3,3
3696,3697,3,3
3697,3698,4,3
3698,3699,1,3
3699,3700,3,3
3700,3701,2,3
3701,3702,3,3
3702,3703,3,3
3703,3704,2,3
3704,3705,3,4
3705,3706,3,3
3706,3707,3,3
3707,3708,3,3
3708,3709,3,3
3709,3710,3,3
3710,3711,3,3
3711,3712,2,3
3712,3713,3,3
3713,3714,3,3
3714,3715,2,3
3715,3716,3,3
3716,3717,3,3
3717,3718,3,3
3718,3719,3,4
3719,3720,3,3
3720,3721,3,3
3721,3722,3,3
3722,3723,2,3
3723,3724,3,3
3724,3725,2,3
3725,3726,3,4
3726,3727,1,3
3727,3728,3,3
3728,3729,4,3
3729,3730,3,3
3730,3731,3,3
3731,3732,3,4
3732,3733,3,4
3733,3734,3,3
3734,3735,3,3
3735,3736,2,3
3736,3737,3,3
3737,3738,3,4
3738,3739,3,4
3739,3740,3,3
3740,3741,3,3
3741,3742,2,3
3742,3743,2,3
3743,3744,1,3
3744,3745,2,4
3745,3746,3,3
3746,3747,3,3
3747,3748,3,3
3748,3749,3,4
3749,3750,2,3
3750,3751,3,3
3751,3752,2,3
3752,3753,3,3
3753,3754,3,3
3754,3755,1,3
3755,3756,2,3
3756,3757,2,3
3757,3758,2,4
3758,3759,2,3
3759,3760,3,3
3760,3761,2,3
3761,3762,4,3
3762,3763,2,3
3763,3764,4,3
3764,3765,2,3
3765,3766,4,3
3766,3767,3,3
3767,3768,2,3
3768,3769,2,3
3769,3770,3,3
3770,3771,3,3
3771,3772,3,3
3772,3773,4,3
3773,3774,3,3
3774,3775,2,4
3775,3776,3,3
3776,3777,4,3
3777,3778,2,3
3778,3779,3,3
3779,3780,3,3
3780,3781,2,3
3781,3782,4,4
3782,3783,4,3
3783,3784,4,4
3784,3785,2,3
3785,3786,3,3
3786,3787,4,3
3787,3788,2,4
3788,3789,3,3
3789,3790,3,3
3790,3791,3,3
3791,3792,3,3
3792,3793,1,3
3793,3794,3,4
3794,3795,2,3
3795,3796,3,3
3796,3797,3,3
3797,3798,3,3
3798,3799,2,3
3799,3800,3,3
3800,3801,3,3
3801,3802,4,4
3802,3803,2,3
3803,3804,3,3
3804,3805,2,3
3805,3806,4,3
3806,3807,3,3
3807,3808,3,4
3808,3809,1,3
3809,3810,3,3
3810,3811,3,3
3811,3812,3,3
3812,3813,3,3
3813,3814,3,3
3814,3815,3,3
3815,3816,4,4
3816,3817,2,3
3817,3818,3,3
3818,3819,3,3
3819,3820,2,3
3820,3821,2,4
3821,3822,3,3
3822,3823,3,4
3823,3824,3,3
3824,3825,3,3
3825,3826,2,3
3826,3827,3,4
3827,3828,3,3
3828,3829,2,3
3829,3830,3,3
3830,3831,3,3
3831,3832,3,3
3832,3833,2,4
3833,3834,3,3
3834,3835,3,3
3835,3836,2,3
3836,3837,2,3
3837,3838,3,3
3838,3839,3,3
3839,3840,3,3
3840,3841,4,3
3841,3842,3,3
3842,3843,2,3
3843,3844,3,3
3844,3845,3,3
3845,3846,3,3
3846,3847,2,3
3847,3848,2,3
3848,3849,3,3
3849,3850,1,3
3850,3851,3,4
3851,3852,1,3
3852,3853,3,4
3853,3854,3,3
3854,3855,2,3
3855,3856,2,4
3856,3857,2,3
3857,3858,3,3
3858,3859,2,4
3859,3860,2,3
3860,3861,3,3
3861,3862,3,3
3862,3863,3,3
3863,3864,3,3
3864,3865,3,3
3865,3866,3,3
3866,3867,3,3
3867,3868,3,3
3868,3869,2,3
3869,3870,3,3
3870,3871,2,3
3871,3872,2,3
3872,3873,3,3
3873,3874,2,3
3874,3875,2,3
3875,3876,3,3
3876,3877,2,4
3877,3878,1,3
3878,3879,4,3
3879,3880,3,3
3880,3881,2,3
3881,3882,3,3
3882,3883,2,3
3883,3884,3,3
3884,3885,3,3
3885,3886,3,3
3886,3887,1,3
3887,3888,3,3
3888,3889,3,4
3889,3890,3,3
3890,3891,1,3
3891,3892,2,3
3892,3893,3,3
3893,3894,3,3
3894,3895,3,3
3895,3896,3,3
3896,3897,4,3
3897,3898,3,3
3898,3899,1,3
3899,3900,3,3
3900,3901,3,3
3901,3902,3,3
3902,3903,1,3
3903,3904,2,3
3904,3905,2,3
3905,3906,3,3
3906,3907,3,3
3907,3908,3,4
3908,3909,3,3
3909,3910,3,3
3910,3911,1,3
3911,3912,3,3
3912,3913,2,3
3913,3914,2,3
3914,3915,3,4
3915,3916,3,3
3916,3917,3,3
3917,3918,3,4
3918,3919,3,4
3919,3920,3,3
3920,3921,3,3
3921,3922,3,3
3922,3923,2,3
3923,3924,2,3
3924,3925,2,3
3925,3926,3,3
3926,3927,3,3
3927,3928,3,3
3928,3929,3,3
3929,3930,4,3
3930,3931,2,3
3931,3932,3,3
3932,3933,3,4
3933,3934,3,3
3934,3935,2,3
3935,3936,3,3
3936,3937,3,3
3937,3938,1,3
3938,3939,3,3
3939,3940,3,3
3940,3941,3,3
3941,3942,3,3
3942,3943,3,3
3943,3944,2,3
3944,3945,3,3
3945,3946,3,3
3946,3947,3,4
3947,3948,3,3
3948,3949,3,3
3949,3950,2,4
3950,3951,4,3
3951,3952,3,3
3952,3953,3,3
3953,3954,4,3
3954,3955,2,3
3955,3956,3,3
3956,3957,2,3
3957,3958,3,3
3958,3959,2,3
3959,3960,4,3
3960,3961,2,3
3961,3962,4,3
3962,3963,3,3
3963,3964,3,4
3964,3965,3,3
3965,3966,3,3
3966,3967,2,3
3967,3968,3,3
3968,3969,3,3
3969,3970,3,3
3970,3971,3,3
3971,3972,3,3
3972,3973,4,4
3973,3974,3,3
3974,3975,2,3
3975,3976,3,3
3976,3977,1,3
3977,3978,2,3
3978,3979,3,3
3979,3980,2,3
3980,3981,3,3
3981,3982,3,3
3982,3983,2,3
3983,3984,3,3
3984,3985,2,3
3985,3986,3,3
3986,3987,3,3
3987,3988,2,3
3988,3989,3,3
3989,3990,3,3
3990,3991,1,3
3991,3992,2,3
3992,3993,3,3
3993,3994,3,4
3994,3995,3,3
3995,3996,2,3
3996,3997,2,3
3997,3998,3,3
3998,3999,3,4
3999,4000,3,3
4000,4001,3,3
4001,4002,3,3
4002,4003,3,3
4003,4004,2,3
4004,4005,3,4
4005,4006,2,3
4006,4007,3,3
4007,4008,3,3
4008,4009,3,3
4009,4010,3,3
4010,4011,4,3
4011,4012,3,4
4012,4013,2,3
4013,4014,2,3
4014,4015,2,3
4015,4016,4,4
4016,4017,3,4
4017,4018,3,3
4018,4019,3,3
4019,4020,4,3
4020,4021,3,3
4021,4022,3,3
4022,4023,2,3
4023,4024,3,3
4024,4025,3,3
4025,4026,2,3
4026,4027,4,3
4027,4028,2,4
4028,4029,2,3
4029,4030,1,3
4030,4031,3,3
4031,4032,2,3
4032,4033,2,4
4033,4034,4,3
4034,4035,3,3
4035,4036,3,3
4036,4037,3,4
4037,4038,3,3
4038,4039,3,3
4039,4040,3,3
4040,4041,2,4
4041,4042,3,3
4042,4043,4,4
4043,4044,4,3
4044,4045,3,3
4045,4046,3,3
4046,4047,3,3
4047,4048,3,3
4048,4049,3,3
4049,4050,3,3
4050,4051,3,3
4051,4052,3,3
4052,4053,3,3
4053,4054,3,3
4054,4055,3,3
4055,4056,3,3
4056,4057,3,4
4057,4058,3,3
4058,4059,3,4
4059,4060,2,3
4060,4061,3,3
4061,4062,3,3
4062,4063,3,3
4063,4064,3,3
4064,4065,4,3
4065,4066,1,3
4066,4067,3,3
4067,4068,2,3
4068,4069,4,3
4069,4070,4,4
4070,4071,4,3
4071,4072,3,3
4072,4073,2,3
4073,4074,2,3
4074,4075,1,3
4075,4076,3,3
4076,4077,2,3
4077,4078,3,3
4078,4079,3,3
4079,4080,3,3
4080,4081,3,3
4081,4082,3,3
4082,4083,2,3
4083,4084,2,3
4084,4085,3,3
4085,4086,2,3
4086,4087,3,3
4087,4088,3,3
4088,4089,4,3
4089,4090,1,3
4090,4091,3,3
4091,4092,2,4
4092,4093,2,3
4093,4094,3,3
4094,4095,2,3
4095,4096,3,3
4096,4097,2,3
4097,4098,3,3
4098,4099,3,3
4099,4100,3,3
4100,4101,3,3
4101,4102,1,3
4102,4103,1,3
4103,4104,2,3
4104,4105,2,3
4105,4106,3,3
4106,4107,3,4
4107,4108,2,3
4108,4109,3,3
4109,4110,2,3
4110,4111,3,3
4111,4112,3,3
4112,4113,2,3
4113,4114,3,3
4114,4115,3,3
4115,4116,3,4
4116,4117,3,3
4117,4118,3,3
4118,4119,3,3
4119,4120,4,3
4120,4121,3,3
4121,4122,3,3
4122,4123,2,3
4123,4124,2,4
4124,4125,3,4
4125,4126,2,4
4126,4127,3,4
4127,4128,4,3
4128,4129,3,3
4129,4130,3,3
4130,4131,3,3
4131,4132,3,3
4132,4133,3,3
4133,4134,2,4
4134,4135,2,3
4135,4136,2,3
4136,4137,4,3
4137,4138,3,3
4138,4139,2,4
4139,4140,3,3
4140,4141,3,3
4141,4142,2,3
4142,4143,3,3
4143,4144,3,3
4144,4145,4,3
4145,4146,3,3
4146,4147,3,4
4147,4148,3,3
4148,4149,3,3
4149,4150,3,4
4150,4151,2,3
4151,4152,3,3
4152,4153,3,3
4153,4154,3,4
4154,4155,3,3
4155,4156,3,3
4156,4157,2,3
4157,4158,2,3
4158,4159,3,3
4159,4160,3,3
4160,4161,3,3
4161,4162,3,4
4162,4163,3,3
4163,4164,2,3
4164,4165,3,3
4165,4166,2,3
4166,4167,3,3
4167,4168,4,3
4168,4169,3,3
4169,4170,4,3
4170,4171,3,3
4171,4172,3,3
4172,4173,2,3
4173,4174,3,3
4174,4175,3,3
4175,4176,3,3
4176,4177,1,3
4177,4178,3,3
4178,4179,3,3
4179,4180,2,4
4180,4181,3,3
4181,4182,1,3
4182,4183,3,3
4183,4184,3,4
4184,4185,3,3
4185,4186,3,3
4186,4187,2,3
4187,4188,2,3
4188,4189,2,3
4189,4190,3,3
4190,4191,2,3
4191,4192,2,3
4192,4193,3,3
4193,4194,2,3
4194,4195,3,3
4195,4196,3,4
4196,4197,1,3
4197,4198,3,3
4198,4199,2,3
4199,4200,2,3
4200,4201,3,3
4201,4202,3,3
4202,4203,1,3
4203,4204,3,4
4204,4205,3,3
4205,4206,3,3
4206,4207,3,4
4207,4208,3,3
4208,4209,3,4
4209,4210,2,3
4210,4211,3,3
4211,4212,3,3
4212,4213,3,3
4213,4214,3,3
4214,4215,3,3
4215,4216,3,3
4216,4217,3,3
4217,4218,3,3
4218,4219,3,3
4219,4220,3,3
4220,4221,3,3
4221,4222,4,3
4222,4223,2,3
4223,4224,3,3
4224,4225,1,4
4225,4226,2,3
4226,4227,3,3
4227,4228,3,3
4228,4229,4,3
4229,4230,1,3
4230,4231,3,3
4231,4232,3,3
4232,4233,3,3
4233,4234,3,3
4234,4235,3,3
4235,4236,4,3
4236,4237,3,3
4237,4238,3,3
4238,4239,3,4
4239,4240,2,3
4240,4241,4,4
4241,4242,3,4
4242,4243,2,3
4243,4244,3,3
4244,4245,3,3
4245,4246,3,3
4246,4247,2,3
4247,4248,2,4
4248,4249,3,4
4249,4250,2,3
4250,4251,4,3
4251,4252,2,3
4252,4253,3,3
4253,4254,2,3
4254,4255,3,4
4255,4256,2,4
4256,4257,3,4
4257,4258,3,3
4258,4259,2,3
4259,4260,2,3
4260,4261,3,4
4261,4262,3,3
4262,4263,3,3
4263,4264,3,3
4264,4265,3,3
4265,4266,3,3
4266,4267,3,3
4267,4268,3,3
4268,4269,3,4
4269,4270,3,3
4270,4271,3,3
4271,4272,3,3
4272,4273,3,4
4273,4274,3,4
4274,4275,1,3
4275,4276,3,3
4276,4277,3,4
4277,4278,2,3
4278,4279,2,3
4279,4280,3,4
4280,4281,3,3
4281,4282,2,3
4282,4283,4,3
4283,4284,4,3
4284,4285,2,4
4285,4286,1,3
4286,4287,4,3
4287,4288,4,4
4288,4289,4,3
4289,4290,4,3
4290,4291,2,3
4291,4292,3,3
4292,4293,2,3
4293,4294,3,4
4294,4295,3,3
4295,4296,4,3
4296,4297,3,4
4297,4298,3,3
4298,4299,3,3
4299,4300,2,3
4300,4301,4,3
4301,4302,2,3
4302,4303,3,3
4303,4304,3,3
4304,4305,2,3
4305,4306,3,3
4306,4307,1,3
4307,4308,4,3
4308,4309,3,3
4309,4310,1,3
4310,4311,3,3
4311,4312,3,3
4312,4313,3,4
4313,4314,4,3
4314,4315,2,3
4315,4316,3,3
4316,4317,3,3
4317,4318,4,3
4318,4319,3,3
4319,4320,2,3
4320,4321,2,3
4321,4322,3,3
4322,4323,3,3
4323,4324,3,4
4324,4325,3,4
4325,4326,3,3
4326,4327,3,3
4327,4328,2,3
4328,4329,3,3
4329,4330,3,4
4330,4331,1,3
4331,4332,4,3
4332,4333,4,3
4333,4334,3,3
4334,4335,3,4
4335,4336,2,3
4336,4337,3,3
4337,4338,1,3
4338,4339,3,4
4339,4340,2,3
4340,4341,4,3
4341,4342,3,3
4342,4343,3,3
4343,4344,3,3
4344,4345,4,3
4345,4346,2,4
4346,4347,3,3
4347,4348,1,3
4348,4349,4,3
4349,4350,3,3
4350,4351,3,3
4351,4352,4,3
4352,4353,2,3
4353,4354,3,3
4354,4355,3,4
4355,4356,2,3
4356,4357,3,3
4357,4358,3,3
4358,4359,3,3
4359,4360,3,3
4360,4361,4,4
4361,4362,3,3
4362,4363,4,3
4363,4364,2,3
4364,4365,3,3
4365,4366,3,3
4366,4367,2,3
4367,4368,2,3
4368,4369,2,3
4369,4370,2,3
4370,4371,3,3
4371,4372,2,3
4372,4373,2,4
4373,4374,3,4
4374,4375,3,3
4375,4376,3,3
4376,4377,2,3
4377,4378,3,3
4378,4379,3,3
4379,4380,3,3
4380,4381,2,3
4381,4382,3,4
4382,4383,3,3
4383,4384,3,3
4384,4385,4,3
4385,4386,4,4
4386,4387,2,4
4387,4388,3,4
4388,4389,3,3
4389,4390,2,3
4390,4391,2,3
4391,4392,3,3
4392,4393,4,3
4393,4394,2,3
4394,4395,2,3
4395,4396,2,3
4396,4397,2,3
4397,4398,4,3
4398,4399,3,3
4399,4400,2,3
4400,4401,3,3
4401,4402,2,3
4402,4403,3,3
4403,4404,3,3
4404,4405,2,3
4405,4406,3,3
4406,4407,2,3
4407,4408,3,4
4408,4409,2,3
4409,4410,4,3
